interface/method,method,path,parameters,request body,response class,response fields/types,file:line,notes
AddClassApi.getTeachers,GET,teachers/list,none,none,List<TeacherSimple>,id:Int;first_name:String?;last_name:String?,KharazmiAdmin/app/src/main/java/com/example/kharazmiadmin/AddClassActivity.kt:21,Retrofit annotation
AddClassApi.createClass,POST,classes/create,Body:-:data:ClassSubmitData,data:ClassSubmitData,ClassResponse,message:String;id:Int;status:String?,KharazmiAdmin/app/src/main/java/com/example/kharazmiadmin/AddClassActivity.kt:24,Retrofit annotation
AdminSessionHistoryApi.getHistory,GET,admin/session_history,Query:date_from:dateFrom:String? = null; Query:date_to:dateTo:String? = null; Query:teacher_id:teacherId:Int? = null; Query:course_id:courseId:Int? = null; Query:flag:flag:String? = null; Query:status:status:String? = null; Query:search:search:String? = null,none,AdminSessionHistoryResponse,items:List<AdminSessionItem>;count:Int,KharazmiAdmin/app/src/main/java/com/example/kharazmiadmin/AdminSessionHistoryActivity.kt:41,Retrofit annotation
AdminSessionHistoryApi.reopen,POST,admin/session_history/{session_id}/reopen,Path:session_id:sessionId:Int; Query:reason:reason:String,none,SimpleResponse,message:String;price_warning:String?,KharazmiAdmin/app/src/main/java/com/example/kharazmiadmin/AdminSessionHistoryActivity.kt:52,Retrofit annotation
InstallmentApi.createInstallment,POST,finance/installments,Body:-:req:CreateInstallmentRequest,req:CreateInstallmentRequest,CreateInstallmentResponse,message:String;installmentId:Int,KharazmiAdmin/app/src/main/java/com/example/kharazmiadmin/ApiInterfaces.kt:103,Retrofit annotation
InstallmentApi.payInstallment,POST,finance/installments/{id}/pay,"Path:id:id:Int; Query:payment_method:paymentMethod:String = ""نقدی""; Query:branch_id:branchId:Int? = null",none,PayInstallmentResponse,message:String;receiptId:Int?,KharazmiAdmin/app/src/main/java/com/example/kharazmiadmin/ApiInterfaces.kt:106,Retrofit annotation
InstallmentApi.remindInstallment,POST,finance/installments/{id}/remind,Path:id:id:Int,none,RemindInstallmentResponse,status:String;message:String,KharazmiAdmin/app/src/main/java/com/example/kharazmiadmin/ApiInterfaces.kt:113,Retrofit annotation
FinanceDashboardApi.getFinancialDashboard,GET,finance/student/{student_id}/dashboard,Path:student_id:studentId:Int,none,FinancialDashboardResponse,wallet:WalletInfo?;enrollments:List<DashboardEnrollment>;installments:List<StudentInstallmentItem>;recentTransactions:List<TransactionFullItem>?,KharazmiAdmin/app/src/main/java/com/example/kharazmiadmin/ApiInterfaces.kt:118,Retrofit annotation
AuditApi.getSuspiciousPatterns,GET,audit/suspicious_patterns,none,none,List<AuditAlert>,type:String;severity:String;title:String;description:String;entityId:Int;entityName:String;detectedAt:String,KharazmiAdmin/app/src/main/java/com/example/kharazmiadmin/ApiInterfaces.kt:126,Retrofit annotation
TimelineApi.getTimeline,GET,students/{id}/timeline,Path:id:id:Int,none,List<TimelineEvent>,timestamp:String;type:String;title:String;subtitle:String;iconName:String;colorHex:String,KharazmiAdmin/app/src/main/java/com/example/kharazmiadmin/ApiInterfaces.kt:134,Retrofit annotation
DunningApi.getDrafts,GET,dunning/drafts,none,none,List<DunningDraft>,installmentId:Int;studentName:String;parentMobile:String;amount:Long;dueDate:String;category:String;suggestedMessage:String,KharazmiAdmin/app/src/main/java/com/example/kharazmiadmin/ApiInterfaces.kt:142,Retrofit annotation
DunningApi.sendBatch,POST,dunning/send_batch,Body:-:req:DunningSendRequest,req:DunningSendRequest,DunningSendResponse,"sentCount:Int;skippedCount:Int;sentIds:List<Int>;skippedIds:List<Int>;message:String;skippedReasons:Map<String, String>?",KharazmiAdmin/app/src/main/java/com/example/kharazmiadmin/ApiInterfaces.kt:145,Retrofit annotation
DashboardApi.getKPIs,GET,dashboard/kpis,none,none,DashboardKPIs,todayRevenue:Long;totalOverdueAmount:Long;overdueInstallmentsCount:Int;activeStudentsCount:Int;suspiciousAlertsCount:Int;dunningPendingCount:Int,KharazmiAdmin/app/src/main/java/com/example/kharazmiadmin/ApiInterfaces.kt:153,Retrofit annotation
ExportApi.exportDebtors,GET,exports/debtors,none,none,Response<ResponseBody>,ResponseBody:binary,KharazmiAdmin/app/src/main/java/com/example/kharazmiadmin/ApiInterfaces.kt:164,Retrofit annotation
ExportApi.exportOverdueInstallments,GET,exports/overdue_installments,none,none,Response<ResponseBody>,ResponseBody:binary,KharazmiAdmin/app/src/main/java/com/example/kharazmiadmin/ApiInterfaces.kt:168,Retrofit annotation
ExportApi.exportAuditAlerts,GET,exports/audit_alerts,none,none,Response<ResponseBody>,ResponseBody:binary,KharazmiAdmin/app/src/main/java/com/example/kharazmiadmin/ApiInterfaces.kt:172,Retrofit annotation
AuditTrailApi.getLogs,GET,audit-trail/logs,Query:entity_type:entityType:String? = null; Query:entity_id:entityId:Int? = null; Query:action:action:String? = null; Query:user_id:userId:Int? = null; Query:start_date:startDate:String? = null; Query:end_date:endDate:String? = null; Query:search:search:String? = null; Query:page:page:Int = 1; Query:limit:limit:Int = 50,none,AuditTrailResponse,logs:List<AuditTrailLog>;total:Int;page:Int;limit:Int;pages:Int,KharazmiAdmin/app/src/main/java/com/example/kharazmiadmin/ApiInterfaces.kt:180,Retrofit annotation
AuditTrailApi.exportLogsCsv,GET,audit-trail/logs,Query:entity_type:entityType:String? = null; Query:entity_id:entityId:Int? = null; Query:action:action:String? = null; Query:start_date:startDate:String? = null; Query:end_date:endDate:String? = null; Query:search:search:String? = null; Query:limit:limit:Int = 200,none,Response<ResponseBody>,ResponseBody:binary,KharazmiAdmin/app/src/main/java/com/example/kharazmiadmin/ApiInterfaces.kt:196,Retrofit annotation
InvoiceApi.getClassDetails,GET,classes/{id}/details,Path:id:id:Int,none,ClassDetailsResponse,students:List<StudentItem>,KharazmiAdmin/app/src/main/java/com/example/kharazmiadmin/ApiInterfaces.kt:21,Retrofit annotation
InvoiceApi.deleteEnrollment,DELETE,enrollments/{enrollment_id},Path:enrollment_id:id:Int,none,SimpleResponse,message:String;price_warning:String?,KharazmiAdmin/app/src/main/java/com/example/kharazmiadmin/ApiInterfaces.kt:24,Retrofit annotation
NewInvoiceApi.searchAdvanced,GET,finance/search_advanced,Query:query:q:String,none,List<AdvancedSearchItem>,type:String;id:Int;title:String;subtitle:String;info:String;student_id:Int?;course_id:Int?;debt_teacher:Long?;debt_institute:Long?;total_debt:Long?;unpaid_sessions:Int?;students_in_class:List<SimpleStudentItem>?;enrollment_id:Int?;course_title:String?;teacher_id:Int?;teacher_name:String?;is_unassigned:Boolean,KharazmiAdmin/app/src/main/java/com/example/kharazmiadmin/ApiInterfaces.kt:48,Retrofit annotation
NewInvoiceApi.submitPayment,POST,finance/pay,Body:-:data:FinanceSubmitData,data:FinanceSubmitData,FinanceResponse,message:String;receipt_id:Int;new_balance_teacher:Long;new_balance_institute:Long;duplicate:Boolean,KharazmiAdmin/app/src/main/java/com/example/kharazmiadmin/ApiInterfaces.kt:51,Retrofit annotation
NewInvoiceApi.getFullStudentProfile,GET,admin/students/{id}/full_profile,Path:id:id:Int,none,FullStudentProfile,info:StudentInfo;classes:List<String>;enrollments:List<ActiveStudentEnrollment>;transactions:List<String>;walletTotal:Long;walletTeacher:Long;walletInstitute:Long;totalDebt:Long;debtTeacher:Long;debtInstitute:Long;total_paid_institute:Long;unassigned_debt:Long;teachers_financial:List<TeacherFinancialItem>?,KharazmiAdmin/app/src/main/java/com/example/kharazmiadmin/ApiInterfaces.kt:54,Retrofit annotation
NewInvoiceApi.getStudentClassStatus,GET,finance/student_class_status,Query:student_id:studentId:Int; Query:course_id:courseId:Int?; Query:course_code:courseCode:String?,none,StudentClassStatus,total_amount:Long;paid_to_teacher:Long;paid_to_institute:Long;due_to_teacher:Long;due_to_institute:Long;course_id:Int?;enrollment_id:Int?;course_title:String?;teacher_id:Int?;teacher_name:String?;is_unassigned:Boolean;remaining_tuition:Long?;credit_balance:Long?,KharazmiAdmin/app/src/main/java/com/example/kharazmiadmin/ApiInterfaces.kt:57,Retrofit annotation
ClassApi.getAllClasses,GET,classes/list,none,none,List<ClassListItem>,id:Int;title:String;code:String;grade_level:String;gender:String;session_count:Int;teacher_id:Int;teacher_name:String?;students_preview:List<String>;total_debt:Long;debt_to_teacher:Long;debt_to_institute:Long;is_suspended:Boolean;bg_color:String?;enrollment_id:Int?;course_id:Int?;course_title:String?;is_unassigned:Boolean,KharazmiAdmin/app/src/main/java/com/example/kharazmiadmin/ApiInterfaces.kt:67,Retrofit annotation
ClassApi.suspendClass,POST,classes/{id}/suspend,Path:id:id:Int,none,SuspendResponse,message:String;is_suspended:Boolean,KharazmiAdmin/app/src/main/java/com/example/kharazmiadmin/ApiInterfaces.kt:70,Retrofit annotation
ClassApi.suspendClassAdmin,POST,admin/classes/{id}/suspend_s,Path:id:id:Int,none,SuspendResponse,message:String;is_suspended:Boolean,KharazmiAdmin/app/src/main/java/com/example/kharazmiadmin/ApiInterfaces.kt:73,Retrofit annotation
ClassApi.suspendBulkClasses,POST,admin/classes/suspend_bulk,Body:-:req:BulkSuspendRequest,req:BulkSuspendRequest,SimpleResponse,message:String;price_warning:String?,KharazmiAdmin/app/src/main/java/com/example/kharazmiadmin/ApiInterfaces.kt:76,Retrofit annotation
ClassApi.updateClass,PUT,classes/update,Query:course_id:courseId:Int; Body:-:req:AdminClassUpdateRequest,req:AdminClassUpdateRequest,SimpleResponse,message:String;price_warning:String?,KharazmiAdmin/app/src/main/java/com/example/kharazmiadmin/ApiInterfaces.kt:79,Retrofit annotation
ClassApi.bulkApprove,POST,classes/pending_approval/bulk_approve,Body:-:req:BulkClassDecisionRequest,req:BulkClassDecisionRequest,SimpleResponse,message:String;price_warning:String?,KharazmiAdmin/app/src/main/java/com/example/kharazmiadmin/ApiInterfaces.kt:82,Retrofit annotation
ClassApi.bulkReject,POST,classes/pending_approval/bulk_reject,Body:-:req:BulkClassDecisionRequest,req:BulkClassDecisionRequest,SimpleResponse,message:String;price_warning:String?,KharazmiAdmin/app/src/main/java/com/example/kharazmiadmin/ApiInterfaces.kt:85,Retrofit annotation
AttendanceSubmitApi.submitSession,POST,attendance/submit_session,Body:-:data:SessionSubmitData,data:SessionSubmitData,SessionResponse,message:String;details:SessionFinancialDetails;session_id:Int?;session_code:Int?,KharazmiAdmin/app/src/main/java/com/example/kharazmiadmin/AttendanceActivity.kt:35,Retrofit annotation
AttendanceSubmitApi.getSessionDetails,GET,attendance/session/{session_code},"@retrofit2.http.Path(""session_code"") sessionCode: Int",none,SessionDetailsResponse,session_id:Int;session_code:Int;course_id:Int;class_title:String;class_code:String;teacher_name:String;date:String;attendee_count:Int;items:List<SessionItemDetails>,KharazmiAdmin/app/src/main/java/com/example/kharazmiadmin/AttendanceActivity.kt:38,Retrofit annotation
AttendanceSubmitApi.editSession,PUT,attendance/session/{session_code},Body:-:data:SessionSubmitData,data:SessionSubmitData,SessionResponse,message:String;details:SessionFinancialDetails;session_id:Int?;session_code:Int?,KharazmiAdmin/app/src/main/java/com/example/kharazmiadmin/AttendanceActivity.kt:41,Retrofit annotation
CalendarApi.createRoom,POST,rooms/create,Body:-:req:RoomCreateRequest,req:RoomCreateRequest,RoomItem,id:Int;name:String;capacity:Int;location:String;equipment:String?;active:Boolean,KharazmiAdmin/app/src/main/java/com/example/kharazmiadmin/CalendarActivity.kt:62,Retrofit annotation
CalendarApi.getRoomsList,GET,rooms/list,none,none,List<RoomItem>,id:Int;name:String;capacity:Int;location:String;equipment:String?;active:Boolean,KharazmiAdmin/app/src/main/java/com/example/kharazmiadmin/CalendarActivity.kt:65,Retrofit annotation
CalendarApi.checkConflicts,POST,calendar/check_conflicts,Body:-:req:ConflictCheckRequest,req:ConflictCheckRequest,ConflictCheckResponse,has_conflict:Boolean;message:String;details:List<String>,KharazmiAdmin/app/src/main/java/com/example/kharazmiadmin/CalendarActivity.kt:68,Retrofit annotation
CalendarApi.getCalendarEvents,GET,calendar/events,none,none,List<CalendarEventItem>,type:String;title:String;detail:String;schedule:String,KharazmiAdmin/app/src/main/java/com/example/kharazmiadmin/CalendarActivity.kt:71,Retrofit annotation
ChartApi.getChartData,GET,reports/chart-data,Query:class_id:classId:Int?; Query:start_date:startDate:String?; Query:end_date:endDate:String?,none,ChartDataResponse,income_chart:List<IncomeData>;student_chart:List<StudentStat>;attendance_trend:List<AttendanceTrendItem>?;shares_chart:SharesData?,KharazmiAdmin/app/src/main/java/com/example/kharazmiadmin/ChartActivity.kt:75,Retrofit annotation
ChartApi.getEnrollmentFunnel,GET,analytics/enrollment_funnel,Query:start_date:startDate:String; Query:end_date:endDate:String; Query:branch_id:branchId:Int,none,EnrollmentFunnelResponse,period:FunnelPeriod;branch_id:Int;total_leads:Int;converted_leads:Int;conversion_rate:Double;average_conversion_hours:Double;average_conversion_days:Double;timed_conversions:Int,KharazmiAdmin/app/src/main/java/com/example/kharazmiadmin/ChartActivity.kt:82,Retrofit annotation
ClassDetailApi.getClassReport,GET,classes/{id}/full_report,Path:id:id:Int,none,FullClassReport,info:ClassReportInfo;students:List<ClassStudentData>;sessions:List<ClassSessionHistory>,KharazmiAdmin/app/src/main/java/com/example/kharazmiadmin/ClassDetailActivity.kt:105,Retrofit annotation
ClassDetailApi.getClassStudentsFull,GET,classes/{id}/students_full,Path:id:id:Int,none,ClassStudentsFullResponse,course_info:CourseDetailInfo;students:List<StudentFullItem>,KharazmiAdmin/app/src/main/java/com/example/kharazmiadmin/ClassDetailActivity.kt:108,Retrofit annotation
ClassDetailApi.getStudentAttendanceHistory,POST,attendance/student_history,Body:-:req:StudentAttendanceHistoryRequest,req:StudentAttendanceHistoryRequest,StudentAttendanceHistoryResponse,student_name:String;course_title:String;course_code:String;total_sessions:Int;present_count:Int;absent_count:Int;attendance_rate:Double;attendance_history:List<AttendanceHistoryItem>,KharazmiAdmin/app/src/main/java/com/example/kharazmiadmin/ClassDetailActivity.kt:111,Retrofit annotation
ClassDetailActionsApi.deleteClass,DELETE,classes/{course_id},Path:course_id:courseId:Int; Query:forgive_session_charges:forgive:Boolean,none,SimpleResponse,message:String;price_warning:String?,KharazmiAdmin/app/src/main/java/com/example/kharazmiadmin/ClassDetailActivity.kt:118,Retrofit annotation
ClassDetailActionsApi.requestDeleteClass,POST,classes/{course_id}/request_delete,Path:course_id:courseId:Int; Body:-:req:DeleteClassRequest,req:DeleteClassRequest,SimpleResponse,message:String;price_warning:String?,KharazmiAdmin/app/src/main/java/com/example/kharazmiadmin/ClassDetailActivity.kt:124,Retrofit annotation
ClassDetailActionsApi.suspendClass,POST,classes/{course_id}/suspend,Path:course_id:courseId:Int,none,SuspendResponse,message:String;is_suspended:Boolean,KharazmiAdmin/app/src/main/java/com/example/kharazmiadmin/ClassDetailActivity.kt:130,Retrofit annotation
ClassDetailActionsApi.updateClassInfo,PUT,classes/update_info/{course_id},Path:course_id:courseId:Int; Body:-:data:ClassUpdateInfo,data:ClassUpdateInfo,SimpleResponse,message:String;price_warning:String?,KharazmiAdmin/app/src/main/java/com/example/kharazmiadmin/ClassDetailActivity.kt:133,Retrofit annotation
ClassDetailActionsApi.updateClass,PUT,classes/update,Query:course_id:courseId:Int; Body:-:data:AdminClassUpdateRequest,data:AdminClassUpdateRequest,SimpleResponse,message:String;price_warning:String?,KharazmiAdmin/app/src/main/java/com/example/kharazmiadmin/ClassDetailActivity.kt:136,Retrofit annotation
ClassSetupNetworkApi.searchStudents,GET,students/search_simple,Query:query:q:String,none,List<StudentSearchItem>,id:Int;name:String,KharazmiAdmin/app/src/main/java/com/example/kharazmiadmin/ClassSetupActivity.kt:42,Retrofit annotation
ClassSetupNetworkApi.addEnrollment,POST,enrollments/add,Body:-:data:AddStudentToClassData,data:AddStudentToClassData,AddStudentResponse,message:String;enrollment_id:Int,KharazmiAdmin/app/src/main/java/com/example/kharazmiadmin/ClassSetupActivity.kt:45,Retrofit annotation
ClassSetupNetworkApi.addEnrollmentsBulk,POST,enrollments/add_bulk,Body:-:data:BulkEnrollmentData,data:BulkEnrollmentData,BulkEnrollmentResponse,message:String;added_count:Int;rejected_count:Int;added_student_ids:List<Int>;rejected:List<BulkEnrollmentRejected>,KharazmiAdmin/app/src/main/java/com/example/kharazmiadmin/ClassSetupActivity.kt:48,Retrofit annotation
ClassSetupNetworkApi.getClassReport,GET,classes/{id}/full_report,Path:id:id:Int,none,FullClassReport,info:ClassReportInfo;students:List<ClassStudentData>;sessions:List<ClassSessionHistory>,KharazmiAdmin/app/src/main/java/com/example/kharazmiadmin/ClassSetupActivity.kt:51,Retrofit annotation
ClassListApi.getClassDetails,GET,classes/{id}/details,Path:id:id:Int,none,ClassDetailsResponse,students:List<StudentItem>,KharazmiAdmin/app/src/main/java/com/example/kharazmiadmin/ClassSetupActivity.kt:56,Retrofit annotation
CrmNetworkApi.createLead,POST,crm/leads/create,Body:-:req:LeadCreateRequest,req:LeadCreateRequest,LeadResponseModel,id:Int;name:String;mobile:String;interested_course:String;source:String;status:String;notes:String?;next_follow_up:String?;created_at:String,KharazmiAdmin/app/src/main/java/com/example/kharazmiadmin/CrmLeadsActivity.kt:53,Retrofit annotation
CrmNetworkApi.getLeadsList,GET,crm/leads/list,none,none,List<LeadResponseModel>,id:Int;name:String;mobile:String;interested_course:String;source:String;status:String;notes:String?;next_follow_up:String?;created_at:String,KharazmiAdmin/app/src/main/java/com/example/kharazmiadmin/CrmLeadsActivity.kt:56,Retrofit annotation
CrmNetworkApi.addNotes,POST,crm/leads/{id}/notes,Path:id:id:Int; Body:-:req:LeadNoteRequest,req:LeadNoteRequest,SimpleResponse,message:String;price_warning:String?,KharazmiAdmin/app/src/main/java/com/example/kharazmiadmin/CrmLeadsActivity.kt:59,Retrofit annotation
CrmNetworkApi.convertLead,POST,crm/leads/{id}/convert,Path:id:id:Int,none,SimpleResponse,message:String;price_warning:String?,KharazmiAdmin/app/src/main/java/com/example/kharazmiadmin/CrmLeadsActivity.kt:62,Retrofit annotation
DebtorsApi.getGrouped,GET,finance/reports/debtors_grouped,Query:search:search:String? = null,none,DebtorsGroupedResponse,total_debt:Long;debtors_count:Int;by_teacher:List<DebtorTeacherSummary>?;by_age:List<DebtorAgeSummary>?;unassigned_debt:Long;rows:List<DebtorRow>?,KharazmiAdmin/app/src/main/java/com/example/kharazmiadmin/DebtorsActivity.kt:71,Retrofit annotation
DeletionRequestApi.getRequests,GET,classes/deletion_requests,Query:status:status:String? = null,none,List<DeletionRequestItem>,request_id:Int;course_id:Int;course_title:String?;course_code:String?;requested_by_role:String?;requester_name:String?;forgive_session_charges:Boolean;status:String?;admin_note:String?;created_at:String?;snapshot:DeletionSnapshot?,KharazmiAdmin/app/src/main/java/com/example/kharazmiadmin/DeletionRequestsActivity.kt:25,Retrofit annotation
DeletionRequestApi.approve,POST,classes/deletion_requests/{id}/approve,Path:id:id:Int,none,SimpleResponse,message:String;price_warning:String?,KharazmiAdmin/app/src/main/java/com/example/kharazmiadmin/DeletionRequestsActivity.kt:28,Retrofit annotation
DeletionRequestApi.reject,POST,classes/deletion_requests/{id}/reject,Path:id:id:Int; Body:-:req:DeletionRejectRequest,req:DeletionRejectRequest,SimpleResponse,message:String;price_warning:String?,KharazmiAdmin/app/src/main/java/com/example/kharazmiadmin/DeletionRequestsActivity.kt:31,Retrofit annotation
ExamNetworkApi.getExams,GET,exams/student/list,none,none,List<HomeworkItem>,id:Int;course_title:String;title:String;description:String;due_date:String;max_score:Float;status:String;score:Float?;feedback:String?,KharazmiAdmin/app/src/main/java/com/example/kharazmiadmin/ExamActivity.kt:75,Retrofit annotation
ExamNetworkApi.startAttempt,POST,exams/attempts/{exam_id}/start,Path:exam_id:examId:Int,none,AttemptStartResponse,attempt_id:Int;duration:Int;questions:List<QuestionItem>,KharazmiAdmin/app/src/main/java/com/example/kharazmiadmin/ExamActivity.kt:78,Retrofit annotation
ExamNetworkApi.submitAttempt,POST,exams/attempts/{attempt_id}/submit,Path:attempt_id:attemptId:Int; Body:-:req:AttemptSubmitRequest,req:AttemptSubmitRequest,AttemptSubmitResponse,message:String;is_graded:Boolean;score:Float?,KharazmiAdmin/app/src/main/java/com/example/kharazmiadmin/ExamActivity.kt:81,Retrofit annotation
ExamNetworkApi.getReportCard,GET,students/{id}/report_card,Path:id:id:Int,none,ReportCardResponse,student_name:String;national_code:String;overall_average:Float;courses:List<ReportCardCourseItem>;comments:String;final_status:String,KharazmiAdmin/app/src/main/java/com/example/kharazmiadmin/ExamActivity.kt:84,Retrofit annotation
HomeworkNetworkApi.createHomework,POST,homework/create,Body:-:req:HomeworkCreateRequest,req:HomeworkCreateRequest,HomeworkResponseModel,id:Int;course_id:Int;course_title:String;title:String;description:String;due_date:String;max_score:Float;status:String;created_at:String,KharazmiAdmin/app/src/main/java/com/example/kharazmiadmin/HomeworkActivity.kt:74,Retrofit annotation
HomeworkNetworkApi.deleteHomework,DELETE,homework/{id},Path:id:id:Int,none,SimpleResponse,message:String;price_warning:String?,KharazmiAdmin/app/src/main/java/com/example/kharazmiadmin/HomeworkActivity.kt:77,Retrofit annotation
HomeworkNetworkApi.getStudentHomeworks,GET,homework/student/list,none,none,List<HomeworkItem>,id:Int;course_title:String;title:String;description:String;due_date:String;max_score:Float;status:String;score:Float?;feedback:String?,KharazmiAdmin/app/src/main/java/com/example/kharazmiadmin/HomeworkActivity.kt:80,Retrofit annotation
HomeworkNetworkApi.gradeSubmission,POST,homework/submissions/{id}/grade,Path:id:subId:Int; Body:-:req:GradeSubmissionRequest,req:GradeSubmissionRequest,SimpleResponse,message:String;price_warning:String?,KharazmiAdmin/app/src/main/java/com/example/kharazmiadmin/HomeworkActivity.kt:83,Retrofit annotation
HomeworkNetworkApi.getParentChildHomeworks,GET,homework/parent/child/{student_id},Path:student_id:studentId:Int,none,List<HomeworkItem>,id:Int;course_title:String;title:String;description:String;due_date:String;max_score:Float;status:String;score:Float?;feedback:String?,KharazmiAdmin/app/src/main/java/com/example/kharazmiadmin/HomeworkActivity.kt:86,Retrofit annotation
InstituteSettingsApi.getSettings,GET,admin/institute_settings,none,none,InstituteSettings,id:Int;name:String;logo_path:String?;address:String;phone:String;official_email:String?;footer_text:String?;card_number:String?;liveSessionMaxMinutes:Int?;teacherSettlementAlertDays:Int?,KharazmiAdmin/app/src/main/java/com/example/kharazmiadmin/InstituteSettingsActivity.kt:24,Retrofit annotation
InstituteSettingsApi.updateSettings,PUT,admin/institute_settings,Body:-:data:InstituteSettings,data:InstituteSettings,SimpleResponse,message:String;price_warning:String?,KharazmiAdmin/app/src/main/java/com/example/kharazmiadmin/InstituteSettingsActivity.kt:27,Retrofit annotation
InstituteSettingsApi.uploadLogo,POST,admin/institute_settings/upload_logo,@retrofit2.http.Part file: okhttp3.MultipartBody.Part,none,SimpleResponse,message:String;price_warning:String?,KharazmiAdmin/app/src/main/java/com/example/kharazmiadmin/InstituteSettingsActivity.kt:31,Retrofit annotation
RemittancePrintApi.printReceipt,POST,/finance/receipt/print,Body:-:req:PrintReceiptRequest,req:PrintReceiptRequest,PrintReceiptResponse,"status:String;message:String;print_job_id:String?;receipt_data:Map<String, Any>?",KharazmiAdmin/app/src/main/java/com/example/kharazmiadmin/InvoiceActivity.kt:57,Retrofit annotation
RemittancePrintApi.generatePdfReceipt,POST,/finance/receipt/pdf,Body:-:req:PrintReceiptRequest,req:PrintReceiptRequest,PdfReceiptResponse,"status:String;message:String;pdf_filename:String?;receipt_data:Map<String, Any>?",KharazmiAdmin/app/src/main/java/com/example/kharazmiadmin/InvoiceActivity.kt:60,Retrofit annotation
ReceiptDetailsApi.getReceiptDetails,GET,/finance/receipt/{transaction_id},Path:transaction_id:id:Long,none,ReceiptDetailsResponse,transaction_id:Int;remittance_number:Any?;student_name:String?;student_national_code:String?;amount:Long?;payment_method:String?;tracking_code:String?;date:String?;description:String?;target_wallet:String?;type:String?;is_reversed:Boolean?;course_name:String?,KharazmiAdmin/app/src/main/java/com/example/kharazmiadmin/InvoiceActivity.kt:82,Retrofit annotation
AuthApi.login,POST,auth/login,Body:-:req:LoginRequest,req:LoginRequest,LoginResponse,status:String;role:String;user_id:Int;name:String;message:String;sub_role:String?;token:String?;branch_id:Int?,KharazmiAdmin/app/src/main/java/com/example/kharazmiadmin/LoginActivity.kt:33,Retrofit annotation
AuthApi.logout,POST,auth/logout,none,none,BaseActivity(),نامشخص,KharazmiAdmin/app/src/main/java/com/example/kharazmiadmin/LoginActivity.kt:38,Retrofit annotation
DashboardSettingsApi.getSettings,GET,admin/institute_settings,none,none,SettingsResponse,name:String;logo_path:String?;address:String;phone:String;official_email:String?;footer_text:String?;card_number:String?,KharazmiAdmin/app/src/main/java/com/example/kharazmiadmin/MainActivity.kt:33,Retrofit annotation
DeletedClassesApi.getDeletedClasses,GET,admin/deleted_classes,Query:query:query:String? = null,none,List<ArchivedClassItem>,id:Int;title:String?;code:String?;teacherId:Int?;teacherName:String?;branchId:Int?;branchName:String?;gradeLevel:String?;daysOfWeek:String?;classTime:String?;studentsCount:Int;studentsActiveCount:Int;sessionsCount:Int;transactionsCount:Int;deletedAt:String?;forgiveSessionCharges:Boolean;isSuspended:Boolean;bgColor:String?,KharazmiAdmin/app/src/main/java/com/example/kharazmiadmin/MainActivity.kt:39,Retrofit annotation
DeletedClassesApi.getArchivedClassDetail,GET,admin/deleted_classes/{id},Path:id:id:Int,none,ArchivedClassDetail,id:Int;title:String?;code:String?;gradeLevel:String?;daysOfWeek:String?;classTime:String?;isSuspended:Boolean;teacherId:Int?;teacherName:String?;branchId:Int?;branchName:String?;studentsCount:Int;studentsActiveCount:Int;archivedEnrollmentsCount:Int;sessionsCount:Int;archivedSessionsCount:Int;transactionsCount:Int;transactionsTotal:Long;deletedAt:String?;hasDeletionRecord:Boolean;forgiveSessionCharges:Boolean;requestedByRole:String?;adminNote:String?,KharazmiAdmin/app/src/main/java/com/example/kharazmiadmin/MainActivity.kt:42,Retrofit annotation
DeletedClassesApi.restoreArchivedClass,POST,admin/deleted_classes/{id}/restore,Path:id:id:Int; Body:-:body:ClassRestoreRequest,body:ClassRestoreRequest,ClassRestoreResponse,message:String?;id:Int?;title:String?;mode:String?;financesUntouched:Boolean;note:String?;warnings:List<String>?,KharazmiAdmin/app/src/main/java/com/example/kharazmiadmin/MainActivity.kt:46,Retrofit annotation
MeApi.getMe,GET,auth/me,none,none,MeResponse,user_id:Int;name:String;role:String;permissions:List<String>,KharazmiAdmin/app/src/main/java/com/example/kharazmiadmin/MainActivity.kt:54,Retrofit annotation
MessageApi.getConversations,GET,messages/conversations,none,none,List<ConversationItem>,id:Int;title:String;type:String;last_message:String;last_time:String;is_pinned:Boolean,KharazmiAdmin/app/src/main/java/com/example/kharazmiadmin/MessageActivity.kt:68,Retrofit annotation
MessageApi.createConversation,POST,messages/conversations/create,Body:-:req:ConversationCreateRequest,req:ConversationCreateRequest,SimpleResponse,message:String;price_warning:String?,KharazmiAdmin/app/src/main/java/com/example/kharazmiadmin/MessageActivity.kt:71,Retrofit annotation
MessageApi.getHistory,GET,messages/conversations/{id}/history,Path:id:id:Int,none,List<MessageHistoryItem>,id:Int;sender_id:Int;sender_role:String;body:String;attachment:String?;created_at:String,KharazmiAdmin/app/src/main/java/com/example/kharazmiadmin/MessageActivity.kt:74,Retrofit annotation
MessageApi.sendMessage,POST,messages/conversations/{id}/send,Path:id:id:Int; Body:-:req:MessageSendRequest,req:MessageSendRequest,SimpleResponse,message:String;price_warning:String?,KharazmiAdmin/app/src/main/java/com/example/kharazmiadmin/MessageActivity.kt:77,Retrofit annotation
MessageApi.sendBroadcast,POST,messages/broadcast,Body:-:req:BroadcastMessageRequest,req:BroadcastMessageRequest,SimpleResponse,message:String;price_warning:String?,KharazmiAdmin/app/src/main/java/com/example/kharazmiadmin/MessageActivity.kt:80,Retrofit annotation
MessageApi.setPin,POST,messages/conversations/{id}/pin,Path:id:id:Int; Body:-:req:PinToggleRequest,req:PinToggleRequest,PinToggleResponse,is_pinned:Boolean,KharazmiAdmin/app/src/main/java/com/example/kharazmiadmin/MessageActivity.kt:83,Retrofit annotation
NotificationCenterApi.getNotifications,GET,notifications,none,none,List<NotificationItem>,id:Int;type:String?;title:String?;body:String?;is_read:Boolean?;created_at:String?,KharazmiAdmin/app/src/main/java/com/example/kharazmiadmin/NotificationCenterActivity.kt:46,Retrofit annotation
NotificationCenterApi.getUnreadCount,GET,notifications/unread_count,none,none,UnreadCountResponse,unread:Int?;total:Int?,KharazmiAdmin/app/src/main/java/com/example/kharazmiadmin/NotificationCenterActivity.kt:50,Retrofit annotation
NotificationCenterApi.markRead,POST,notifications/{id}/read,Path:id:id:Int,none,SimpleResponse,message:String;price_warning:String?,KharazmiAdmin/app/src/main/java/com/example/kharazmiadmin/NotificationCenterActivity.kt:53,Retrofit annotation
NotificationCenterApi.markAllRead,POST,notifications/read_all,none,none,SimpleResponse,message:String;price_warning:String?,KharazmiAdmin/app/src/main/java/com/example/kharazmiadmin/NotificationCenterActivity.kt:56,Retrofit annotation
ParentContactsApi.getParentContacts,GET,admin/parent_contacts,Query:class_id:classId:Int?; Query:search:search:String?,none,List<ParentContactItem>,student_id:Int;student_name:String;student_mobile:String;parent_mobile:String;classes:List<String>,KharazmiAdmin/app/src/main/java/com/example/kharazmiadmin/ParentContactsActivity.kt:23,Retrofit annotation
ParentPortalApi.requestOtp,POST,parent/request_otp,Body:-:req:ParentOtpRequest,req:ParentOtpRequest,SimpleResponse,message:String;price_warning:String?,KharazmiAdmin/app/src/main/java/com/example/kharazmiadmin/ParentPortalActivity.kt:71,Retrofit annotation
ParentPortalApi.parentLogin,POST,parent/login,Body:-:req:ParentLoginRequest,req:ParentLoginRequest,ParentLoginResponse,status:String;multiple_children:Boolean;token:String?;temp_token:String?;student_name:String?;children:List<ParentSimpleStudentItem>?,KharazmiAdmin/app/src/main/java/com/example/kharazmiadmin/ParentPortalActivity.kt:74,Retrofit annotation
ParentPortalApi.selectChild,POST,parent/select_child,Body:-:req:ChildSelectRequest,req:ChildSelectRequest,ParentLoginResponse,status:String;multiple_children:Boolean;token:String?;temp_token:String?;student_name:String?;children:List<ParentSimpleStudentItem>?,KharazmiAdmin/app/src/main/java/com/example/kharazmiadmin/ParentPortalActivity.kt:77,Retrofit annotation
ParentPortalApi.getChildProfile,GET,parent/child_profile,none,none,ParentProfileResponse,info:ParentStudentInfo;classes:List<String>;wallet:ParentWalletInfo;grades:List<ParentGradeItem>;attendance:List<ParentAttendanceItem>;installments:List<ParentInstallmentItem>;homework:List<ParentHomeworkItem>;exams:List<ParentExamItem>;upcoming_sessions:List<ParentUpcomingSessionItem>;notifications:List<ParentNotificationItem>,KharazmiAdmin/app/src/main/java/com/example/kharazmiadmin/ParentPortalActivity.kt:80,Retrofit annotation
AdminClassApi.getPendingClasses,GET,admin/pending_classes,none,none,List<PendingClassItem>,id:Int;title:String?;teacher_name:String?;teacher_price:Long?;days:String?;time:String?;base_institute_share:Long?;code:String?;teacher_id:Int?;capacity:Int?;branch_id:Int?;rejection_reason:String?;pending_since:String?;conflict_course_ids:List<Int>?;has_schedule_conflict:Boolean,KharazmiAdmin/app/src/main/java/com/example/kharazmiadmin/PendingClassesActivity.kt:28,Retrofit annotation
AdminClassApi.approveClass,POST,admin/approve_class/{id},Path:id:id:Int,none,SimpleResponse,message:String;price_warning:String?,KharazmiAdmin/app/src/main/java/com/example/kharazmiadmin/PendingClassesActivity.kt:31,Retrofit annotation
AdminClassApi.rejectClass,DELETE,admin/reject_class/{id},Path:id:id:Int; Query:reason:reason:String? = null,none,SimpleResponse,message:String;price_warning:String?,KharazmiAdmin/app/src/main/java/com/example/kharazmiadmin/PendingClassesActivity.kt:34,Retrofit annotation
PendingApi.getPendingTeachers,GET,teachers/pending,none,none,List<TeacherPending>,id:Int;first_name:String?;last_name:String?;mobile:String?;profile_image:String?;branchId:Int?;branchName:String?,KharazmiAdmin/app/src/main/java/com/example/kharazmiadmin/PendingTeachersActivity.kt:43,Retrofit annotation
PendingApi.approveTeacher,POST,teachers/approve/{id},Path:id:id:Int,none,ApproveResponse,message:String,KharazmiAdmin/app/src/main/java/com/example/kharazmiadmin/PendingTeachersActivity.kt:46,Retrofit annotation
PendingApi.rejectTeacher,DELETE,teachers/reject/{id},Path:id:id:Int,none,ApproveResponse,message:String,KharazmiAdmin/app/src/main/java/com/example/kharazmiadmin/PendingTeachersActivity.kt:50,Retrofit annotation
AdminListApi.getStudents,GET,admin/students/search,Query:query:q:String?,none,List<PersonListItem>,id:Int;name:String?;national_code:String?;mobile:String?;role:String;is_suspended:Boolean,KharazmiAdmin/app/src/main/java/com/example/kharazmiadmin/PersonListActivity.kt:23,Retrofit annotation
AdminListApi.getTeachers,GET,admin/teachers/search,Query:query:q:String?,none,List<PersonListItem>,id:Int;name:String?;national_code:String?;mobile:String?;role:String;is_suspended:Boolean,KharazmiAdmin/app/src/main/java/com/example/kharazmiadmin/PersonListActivity.kt:26,Retrofit annotation
ReportNewApi.getTeachersList,GET,teachers/list,none,none,List<TeacherItem>,id:Int;first_name:String?;last_name:String?,KharazmiAdmin/app/src/main/java/com/example/kharazmiadmin/ReportActivity.kt:111,Retrofit annotation
ReportNewApi.exportFinancial,GET,reports/financial/excel,Query:start_date:startDate:String?; Query:end_date:endDate:String?; Query:branch_id:branchId:Int? = null; Query:teacher_id:teacherId:Int? = null,none,Response<ResponseBody>,ResponseBody:binary,KharazmiAdmin/app/src/main/java/com/example/kharazmiadmin/ReportActivity.kt:115,Retrofit annotation
ReportNewApi.getFinancialSummary,GET,reports/financial_summary,Query:user_type:userType:String; Query:teacher_id:teacherId:Int?; Query:year:year:Int?; Query:month:month:Int?,none,FinancialSummaryResponse,user_type:String;year:Int;month:Int;monthly:FinancialMetrics;yearly:FinancialMetrics;undated_count:Int?;undated_amount:Long?,KharazmiAdmin/app/src/main/java/com/example/kharazmiadmin/ReportActivity.kt:123,Retrofit annotation
ReportNewApi.searchAdvanced,GET,finance/search_advanced,Query:query:query:String,none,List<SearchStudentItem>,type:String;id:Int;title:String;subtitle:String;info:String;student_id:Int?,KharazmiAdmin/app/src/main/java/com/example/kharazmiadmin/ReportActivity.kt:131,Retrofit annotation
ReportNewApi.getStudentStatement,GET,reports/student_statement,Query:student_id:studentId:Int,none,StudentStatementResponse,student_id:Int;student_name:String;student_code:String;total_paid_institute:Long;total_debt_institute:Long;unassigned_debt:Long;teacher_name:String?;teachers:List<StudentStatementTeacher>;payment_timeline:List<PaymentTimelineItem>;next_installment:NextInstallmentItem?;payment_link:String?;institute_card_number:String;institute_name:String;address:String;phone:String;footer_text:String,KharazmiAdmin/app/src/main/java/com/example/kharazmiadmin/ReportActivity.kt:136,Retrofit annotation
DownloadApi.downloadFile,GET,dynamic (@Url/نامشخص),Url:-:url:String,none,ResponseBody,ResponseBody:binary,KharazmiAdmin/app/src/main/java/com/example/kharazmiadmin/ReportExporter.kt:27,Retrofit annotation
HistoryApi.getHistory,POST,attendance/get_history,Body:-:req:HistoryRequest,req:HistoryRequest,List<SessionHistoryItem>,session_id:Int;date:String;attendees:Int;cost_per_student:Long;total_cost:Long;status:String?;start_time:String?;end_time:String?,KharazmiAdmin/app/src/main/java/com/example/kharazmiadmin/SessionHistoryActivity.kt:31,Retrofit annotation
SettingsApi.changePassword,POST,auth/change-password,Body:-:req:ChangePasswordRequest,req:ChangePasswordRequest,SimpleResponse,message:String;price_warning:String?,KharazmiAdmin/app/src/main/java/com/example/kharazmiadmin/SettingsActivity.kt:31,Retrofit annotation
SettingsApi.changeMobile,POST,auth/change-mobile,Body:-:req:ChangeMobileRequest,req:ChangeMobileRequest,SimpleResponse,message:String;price_warning:String?,KharazmiAdmin/app/src/main/java/com/example/kharazmiadmin/SettingsActivity.kt:34,Retrofit annotation
ShareApi.getShares,GET,config/share,none,none,ShareConfigData,count_1:Long;count_2:Long;count_3:Long;count_4:Long;count_5:Long;count_6:Long;count_7:Long;count_8:Long;count_9:Long;count_10:Long;count_11:Long;count_12:Long;count_13:Long;count_14:Long;count_15:Long,KharazmiAdmin/app/src/main/java/com/example/kharazmiadmin/ShareConfigActivity.kt:24,Retrofit annotation
ShareApi.updateShares,POST,config/share/update,Body:-:data:ShareConfigData,data:ShareConfigData,SimpleResponse,message:String;price_warning:String?,KharazmiAdmin/app/src/main/java/com/example/kharazmiadmin/ShareConfigActivity.kt:27,Retrofit annotation
SmsApi.sendSms,POST,sms/send,Body:-:req:SmsRequest,req:SmsRequest,SmsResponse,message:String;count:Int,KharazmiAdmin/app/src/main/java/com/example/kharazmiadmin/SmsActivity.kt:31,Retrofit annotation
SmsApi.getHistory,GET,sms/history,none,none,List<SmsLogItem>,target_group:String;message_text:String;sent_count:Int;date:String,KharazmiAdmin/app/src/main/java/com/example/kharazmiadmin/SmsActivity.kt:34,Retrofit annotation
StudentPortalApi.requestOtp,POST,auth/student/request_otp,Body:-:req:StudentOtpRequest,req:StudentOtpRequest,SimpleResponse,message:String;price_warning:String?,KharazmiAdmin/app/src/main/java/com/example/kharazmiadmin/StudentPortalActivity.kt:35,Retrofit annotation
StudentPortalApi.studentLogin,POST,auth/student/login,Body:-:req:StudentLoginRequest,req:StudentLoginRequest,StudentLoginResponse,status:String;token:String?;student_name:String?,KharazmiAdmin/app/src/main/java/com/example/kharazmiadmin/StudentPortalActivity.kt:38,Retrofit annotation
StudentPortalApi.getStudentProfile,GET,students/my_profile,none,none,ParentProfileResponse,info:ParentStudentInfo;classes:List<String>;wallet:ParentWalletInfo;grades:List<ParentGradeItem>;attendance:List<ParentAttendanceItem>;installments:List<ParentInstallmentItem>;homework:List<ParentHomeworkItem>;exams:List<ParentExamItem>;upcoming_sessions:List<ParentUpcomingSessionItem>;notifications:List<ParentNotificationItem>,KharazmiAdmin/app/src/main/java/com/example/kharazmiadmin/StudentPortalActivity.kt:41,Retrofit annotation
ProfileApi.getTeacherCommunicationHistory,GET,teachers/{id}/communication_history,Path:id:id:Int,none,List<CommunicationHistoryItem>,sourceId:Int;type:String;typeLabel:String;summary:String;date:String;sender:String;recipient:String;direction:String;conversationId:Int?,KharazmiAdmin/app/src/main/java/com/example/kharazmiadmin/StudentProfileActivity.kt:103,Retrofit annotation
ProfileApi.sendPortalLink,POST,admin/students/{id}/send_portal_link,Path:id:id:Int,none,SimpleResponse,message:String;price_warning:String?,KharazmiAdmin/app/src/main/java/com/example/kharazmiadmin/StudentProfileActivity.kt:108,Retrofit annotation
ProfileApi.getTeacherCollaborationSummary,GET,teachers/{id}/collaboration_summary,Path:id:id:Int,none,TeacherCollaborationSummary,periodDays:Int;periodStart:String;periodEnd:String;averageDelayMinutes:Double;delaySamplesCount:Int;liveSessionsLast30Days:Int;totalSettlementsCount:Int;totalSettledAmount:Long;autoEndedSessionsCount:Int;autoEndedLast30DaysCount:Int,KharazmiAdmin/app/src/main/java/com/example/kharazmiadmin/StudentProfileActivity.kt:111,Retrofit annotation
ProfileApi.getFullStudentProfile,GET,admin/students/{id}/full_profile,Path:id:id:Int,none,FullStudentProfile,info:StudentInfo;classes:List<String>;enrollments:List<ActiveStudentEnrollment>;transactions:List<String>;walletTotal:Long;walletTeacher:Long;walletInstitute:Long;totalDebt:Long;debtTeacher:Long;debtInstitute:Long;total_paid_institute:Long;unassigned_debt:Long;teachers_financial:List<TeacherFinancialItem>?,KharazmiAdmin/app/src/main/java/com/example/kharazmiadmin/StudentProfileActivity.kt:43,Retrofit annotation
ProfileApi.getStudentGrades,GET,students/{id}/grades,Path:id:id:Int,none,StudentGradesResponse,"grades:List<GradeItem>;averages:Map<String, Double>",KharazmiAdmin/app/src/main/java/com/example/kharazmiadmin/StudentProfileActivity.kt:46,Retrofit annotation
ProfileApi.getStudentProfile,GET,students/{id},Path:id:id:Int,none,StudentRawProfile,id:Int;first_name:String;last_name:String;father_name:String?;national_code:String;birth_date:String?;student_mobile:String;parent_mobile:String?;home_phone:String?;address:String?;study_status:String?;gender:String?;student_code:Int?;version:Int,KharazmiAdmin/app/src/main/java/com/example/kharazmiadmin/StudentProfileActivity.kt:49,Retrofit annotation
ProfileApi.updateStudent,PUT,students/update/{id},Path:id:id:Int; Body:-:data:StudentUpdate,data:StudentUpdate,SimpleResponse,message:String;price_warning:String?,KharazmiAdmin/app/src/main/java/com/example/kharazmiadmin/StudentProfileActivity.kt:52,Retrofit annotation
ProfileApi.deleteStudent,DELETE,admin/students/{id},Path:id:id:Int,none,SimpleResponse,message:String;price_warning:String?,KharazmiAdmin/app/src/main/java/com/example/kharazmiadmin/StudentProfileActivity.kt:56,Retrofit annotation
ProfileApi.toggleSuspend,POST,admin/students/{id}/toggle_suspend,Path:id:id:Int,none,SuspendResponse,message:String;is_suspended:Boolean,KharazmiAdmin/app/src/main/java/com/example/kharazmiadmin/StudentProfileActivity.kt:59,Retrofit annotation
ProfileApi.getFullTeacherProfile,GET,teachers/{id}/full_profile,Path:id:id:Int,none,FullTeacherProfile,info:TeacherInfo;total_students:Int;total_revenue:Long;active_classes_count:Int;classes:List<String>;collaborationSummary:TeacherCollaborationSummary?,KharazmiAdmin/app/src/main/java/com/example/kharazmiadmin/StudentProfileActivity.kt:63,Retrofit annotation
ProfileApi.getTeacherProfile,GET,teachers/{id},Path:id:id:Int,none,TeacherRawProfile,id:Int;first_name:String?;last_name:String?;father_name:String?;national_code:String?;birth_date:String?;mobile:String?;home_phone:String?;marital_status:String?;gender:String?;employment_type:String?;card_number:String?;teacher_code:Int?;version:Int,KharazmiAdmin/app/src/main/java/com/example/kharazmiadmin/StudentProfileActivity.kt:66,Retrofit annotation
ProfileApi.updateTeacher,PUT,teachers/update/{id},Path:id:id:Int; Body:-:data:TeacherUpdate,data:TeacherUpdate,SimpleResponse,message:String;price_warning:String?,KharazmiAdmin/app/src/main/java/com/example/kharazmiadmin/StudentProfileActivity.kt:69,Retrofit annotation
ProfileApi.uploadStudentPhoto,POST,students/{id}/upload_photo,Path:id:id:Int,none,SimpleResponse,message:String;price_warning:String?,KharazmiAdmin/app/src/main/java/com/example/kharazmiadmin/StudentProfileActivity.kt:73,Retrofit annotation
ProfileApi.uploadTeacherPhoto,POST,teachers/{id}/upload_photo,Path:id:id:Int,none,SimpleResponse,message:String;price_warning:String?,KharazmiAdmin/app/src/main/java/com/example/kharazmiadmin/StudentProfileActivity.kt:80,Retrofit annotation
ProfileApi.getPendingSettlement,GET,teachers/{id}/pending_settlement,Path:id:id:Int,none,TeacherPendingSettlementResponse,total_amount:Long;session_count:Int;pending_sessions:List<PendingSettlementSession>,KharazmiAdmin/app/src/main/java/com/example/kharazmiadmin/StudentProfileActivity.kt:86,Retrofit annotation
ProfileApi.settleTeacherSessions,POST,teachers/{id}/settle,Path:id:id:Int; Body:-:req:SettleRequest,req:SettleRequest,TeacherSettlementResponse,message:String;settlement_id:Int;total_amount:Long;session_count:Int,KharazmiAdmin/app/src/main/java/com/example/kharazmiadmin/StudentProfileActivity.kt:89,Retrofit annotation
ProfileApi.getSettlementHistory,GET,teachers/{id}/settlement_history,Path:id:id:Int,none,List<SettlementHistoryItem>,id:Int;total_amount:Long?;session_count:Int;settled_at:String?;is_reversed:Boolean;reversal_reason:String?;session_ids:List<Int>?,KharazmiAdmin/app/src/main/java/com/example/kharazmiadmin/StudentProfileActivity.kt:92,Retrofit annotation
ProfileApi.getStudentInstallments,GET,students/{id}/installments,Path:id:id:Int,none,List<StudentInstallmentItem>,id:Int;course_title:String;amount:Long;due_date:String;is_paid:Boolean;paid_at:String;enrollmentId:Int?;status:String?,KharazmiAdmin/app/src/main/java/com/example/kharazmiadmin/StudentProfileActivity.kt:95,Retrofit annotation
ProfileApi.getStudentCommunicationHistory,GET,students/{id}/communication_history,Path:id:id:Int,none,List<CommunicationHistoryItem>,sourceId:Int;type:String;typeLabel:String;summary:String;date:String;sender:String;recipient:String;direction:String;conversationId:Int?,KharazmiAdmin/app/src/main/java/com/example/kharazmiadmin/StudentProfileActivity.kt:98,Retrofit annotation
RegisterApi.registerAndEnrollStudent,POST,students/register_and_enroll,Body:-:data:StudentRegisterAndEnrollRequest,data:StudentRegisterAndEnrollRequest,RegisterResponse,message:String;id:Int;teacher_code:Int?;initial_password:String?,KharazmiAdmin/app/src/main/java/com/example/kharazmiadmin/StudentRegisterActivity.kt:35,Retrofit annotation
RegisterApi.getClassesList,GET,classes/list,none,none,List<ClassListItem>,id:Int;title:String;code:String;grade_level:String;gender:String;session_count:Int;teacher_id:Int;teacher_name:String?;students_preview:List<String>;total_debt:Long;debt_to_teacher:Long;debt_to_institute:Long;is_suspended:Boolean;bg_color:String?;enrollment_id:Int?;course_id:Int?;course_title:String?;is_unassigned:Boolean,KharazmiAdmin/app/src/main/java/com/example/kharazmiadmin/StudentRegisterActivity.kt:38,Retrofit annotation
GradeApi.submitGrade,POST,grades/submit,Body:-:data:GradeSubmitData,data:GradeSubmitData,SimpleResponse,message:String;price_warning:String?,KharazmiAdmin/app/src/main/java/com/example/kharazmiadmin/SubmitGradeActivity.kt:21,Retrofit annotation
TeacherCredentialsApi.searchTeachers,GET,admin/teachers/search,Query:query:q:String?,none,List<PersonListItem>,id:Int;name:String?;national_code:String?;mobile:String?;role:String;is_suspended:Boolean,KharazmiAdmin/app/src/main/java/com/example/kharazmiadmin/TeacherCredentialsActivity.kt:50,Retrofit annotation
TeacherCredentialsApi.getCredentials,GET,admin/teachers/{id}/credentials,Path:id:id:Int,none,TeacherCredentialsResponse,id:Int;name:String?;national_code:String?;mobile:String?;teacher_code:Int?;password:String;card_number:String?,KharazmiAdmin/app/src/main/java/com/example/kharazmiadmin/TeacherCredentialsActivity.kt:53,Retrofit annotation
TeacherCredentialsApi.resetPassword,POST,admin/teachers/{id}/credentials/reset_password,Path:id:id:Int,none,ResetPasswordResponse,message:String;new_password:String,KharazmiAdmin/app/src/main/java/com/example/kharazmiadmin/TeacherCredentialsActivity.kt:56,Retrofit annotation
TeacherCredentialsApi.updateCredentials,PUT,admin/teachers/{id}/credentials,Path:id:id:Int; Body:-:req:TeacherCredentialsUpdateRequest,req:TeacherCredentialsUpdateRequest,SimpleResponse,message:String;price_warning:String?,KharazmiAdmin/app/src/main/java/com/example/kharazmiadmin/TeacherCredentialsActivity.kt:59,Retrofit annotation
TeacherPanelApi.getMyClasses,GET,teachers/{id}/classes,Path:id:id:Int,none,List<TeacherClassItem>,id:Int;title:String?;code:String?;grade_level:String?;is_admin_approved:Boolean;is_suspended:Boolean;students_preview:List<String>?;bg_color:String?;total_debt:Long;debt_to_teacher:Long;debt_to_institute:Long,KharazmiAdmin/app/src/main/java/com/example/kharazmiadmin/TeacherDashboardActivity.kt:45,Retrofit annotation
TeacherPanelApi.getTeacherIncompleteClasses,GET,teachers/{id}/incomplete_classes,Path:id:id:Int,none,List<TeacherClassItem>,id:Int;title:String?;code:String?;grade_level:String?;is_admin_approved:Boolean;is_suspended:Boolean;students_preview:List<String>?;bg_color:String?;total_debt:Long;debt_to_teacher:Long;debt_to_institute:Long,KharazmiAdmin/app/src/main/java/com/example/kharazmiadmin/TeacherDashboardActivity.kt:48,Retrofit annotation
TeacherPanelApi.getPendingClasses,GET,teachers/{teacher_id}/pending_classes,Path:teacher_id:teacherId:Int,none,List<TeacherPendingClassItem>,id:Int;title:String?;code:String?;days_of_week:String?;class_time:String?;capacity:Int?;status:String?;rejection_reason:String?;pending_since:String?,KharazmiAdmin/app/src/main/java/com/example/kharazmiadmin/TeacherDashboardActivity.kt:51,Retrofit annotation
TeacherMeApi.getMe,GET,auth/me,none,none,MeResponse,user_id:Int;name:String;role:String;permissions:List<String>,KharazmiAdmin/app/src/main/java/com/example/kharazmiadmin/TeacherDashboardActivity.kt:56,Retrofit annotation
TeacherManagementApi.suspendTeacher,POST,/admin/teachers/{teacher_id}/suspend,Path:teacher_id:teacherId:Int,none,SuspendResponse,message:String;is_suspended:Boolean,KharazmiAdmin/app/src/main/java/com/example/kharazmiadmin/TeacherProfileActivity.kt:35,Retrofit annotation
TeacherManagementApi.deleteTeacher,DELETE,/admin/teachers/{teacher_id},Path:teacher_id:teacherId:Int,none,SimpleResponse,message:String;price_warning:String?,KharazmiAdmin/app/src/main/java/com/example/kharazmiadmin/TeacherProfileActivity.kt:38,Retrofit annotation
SettlementSafetyApi.reverseSettlement,POST,teachers/{teacher_id}/settlements/{settlement_id}/reverse,Path:teacher_id:teacherId:Int; Path:settlement_id:settlementId:Int; Query:reason:reason:String,none,SimpleResponse,message:String;price_warning:String?,KharazmiAdmin/app/src/main/java/com/example/kharazmiadmin/TeacherProfileActivity.kt:44,Retrofit annotation
SettlementSafetyApi.editSettlement,PUT,teachers/{teacher_id}/settlements/{settlement_id}/edit,Path:teacher_id:teacherId:Int; Path:settlement_id:settlementId:Int; Body:-:request:SettlementEditRequest,request:SettlementEditRequest,SimpleResponse,message:String;price_warning:String?,KharazmiAdmin/app/src/main/java/com/example/kharazmiadmin/TeacherProfileActivity.kt:46,Retrofit annotation
TeacherApi.registerTeacher,POST,teachers/register,Body:-:data:TeacherRegisterData,data:TeacherRegisterData,RegisterResponse,message:String;id:Int;teacher_code:Int?;initial_password:String?,KharazmiAdmin/app/src/main/java/com/example/kharazmiadmin/TeacherRegisterActivity.kt:27,Retrofit annotation
TodaySummaryApi.getTeacherTodaySummary,GET,teachers/{id}/today_summary,Path:id:teacherId:Int,none,TeacherTodaySummary,date:String;dayName:String;liveClass:TeacherTodayLiveClass?;nextClass:TeacherTodayNextClass?;weekSummary:TeacherWeekSummary,KharazmiAdmin/app/src/main/java/com/example/kharazmiadmin/TodaySummaryApi.kt:100,Retrofit annotation
TodaySummaryApi.getAdminTodaySummary,GET,admin/today_summary,none,none,AdminTodaySummary,date:String;dayName:String;scheduledClasses:Int;startedClasses:Int;lateClasses:List<LateClassAlert>;todayPayments:Long?;paymentVisible:Boolean;todayEnrollments:Int;smartAlertsVisible:Boolean;teacherSettlementAlertDays:Int?;installmentAlerts:InstallmentAlertGroup?;teacherSettlementAlerts:TeacherSettlementAlertGroup?,KharazmiAdmin/app/src/main/java/com/example/kharazmiadmin/TodaySummaryApi.kt:97,Retrofit annotation
TransactionApi.getTransactions,GET,admin/transactions/list,Query:search:search:String?,none,List<TransactionFullItem>,id:Int;student_id:Int;student_name:String;course_id:Int?;course_name:String;amount:Long;date:String;description:String?;type:String;remittance_number:Int?,KharazmiAdmin/app/src/main/java/com/example/kharazmiadmin/TransactionManageActivity.kt:29,Retrofit annotation
TransactionApi.deleteTransaction,DELETE,admin/transactions/{id},Path:id:id:Int,none,SimpleResponse,message:String;price_warning:String?,KharazmiAdmin/app/src/main/java/com/example/kharazmiadmin/TransactionManageActivity.kt:32,Retrofit annotation
TransactionApi.updateTransaction,PUT,admin/transactions/{id},Path:id:id:Int; Body:-:data:TransactionUpdateData,data:TransactionUpdateData,SimpleResponse,message:String;price_warning:String?,KharazmiAdmin/app/src/main/java/com/example/kharazmiadmin/TransactionManageActivity.kt:35,Retrofit annotation
